year,month,date,keperluan_dan_sumber_bibit,status,lokasi,desa,pala,duku,durian,kemiri,cempaka,coklat,nantu,alpukat,matoa,kopi,cengkeh,lada,aren,pinang,total
2025,July,2025-07-04,BPDAS Tondano,Masuk,KHLTB,Mataindo Utara,999,1559,997,1012,1118,0,0,0,0,0,0,0,0,0,5685
2025,July,2025-07-31,Alwiyah (Masyarakat Mataindo),Masuk,KHLTB,Mataindo Utara,425,0,0,0,0,0,0,0,0,0,0,0,0,0,425
2025,August,2025-08-14,Alwiyah (Masyarakat Mataindo),Masuk,KHLTB,Mataindo Utara,100,0,0,0,0,0,0,0,0,0,0,0,0,0,100
2025,August,2025-08-31,Alwiyah (Masyarakat Mataindo),Masuk,KHLTB,Mataindo Utara,200,0,0,0,0,0,0,0,0,0,0,0,0,0,200
2025,August,2025-08-31,Pembibitan Mandiri,Masuk,KHLTB,Mataindo Utara,0,0,0,0,0,0,0,0,0,700,0,0,0,0,700
2025,September,2025-09-29,Hidaya Paputungan (Masyarakat Mataindo Utara),Masuk,KHLTB,Mataindo Utara,0,0,0,0,0,350,0,0,0,0,0,0,0,0,350
2025,October,2025-10-03,Gorontalo,Masuk,KHLTB,Mataindo Utara,0,0,520,0,0,0,0,5745,0,0,0,0,0,0,6265
2025,October,2025-10-04,"Tapadaka, Dumoga",Masuk,KHLTB,Mataindo Utara,0,0,0,0,0,2066,0,0,0,0,0,0,0,0,2066
2025,October,2025-10-04,"Tapadaka, Dumoga",Masuk,KHLTB,Mataindo Utara,0,0,0,0,0,5279,0,0,0,0,0,0,0,0,5279
2025,October,2025-10-08,Sulawesi Tengah,Masuk,KHLTB,Mataindo Utara,5690,0,0,0,0,0,0,0,0,0,0,0,0,0,5690
2025,October,2025-10-08,Sulawesi Tengah,Masuk,KHLTB,Mataindo Utara,0,0,2570,0,0,0,0,0,0,0,0,0,0,0,2570
2025,October,2025-10-08,Sulawesi Tengah,Masuk,KHLTB,Mataindo Utara,0,2520,0,0,0,0,0,0,0,0,0,0,0,0,2520
2025,October,2025-10-09,Sulawesi Tengah,Masuk,KHLTB,Adow,4531,0,0,0,0,0,0,0,0,0,0,0,0,0,4531
2025,October,2025-10-09,Sulawesi Tengah,Masuk,KHLTB,Adow,0,0,2546,0,0,0,0,0,0,0,0,0,0,0,2546
2025,October,2025-10-09,Sulawesi Tengah,Masuk,KHLTB,Adow,0,2504,0,0,0,0,0,0,0,0,0,0,0,0,2504
2025,October,2025-10-09,Gorontalo,Masuk,KEMP,Pusian Barat,0,0,0,0,0,0,0,1948,0,0,0,0,0,0,1948
2025,October,2025-10-09,Cabutan,Masuk,KEMP,Pusian Barat,0,1983,0,1656,0,0,0,0,0,0,0,0,0,0,3639
2025,November,2025-11-07,Sulawesi Tengah,Masuk,KEMP,Pusian Barat,0,0,0,2125,0,0,0,0,0,0,0,0,0,0,2125
2025,November,2025-11-23,Sulawesi Tengah,Masuk,KHLTB,Adow,0,0,0,1682,0,0,0,0,0,0,0,0,0,0,1682
2025,November,2025-11-23,Sulawesi Tengah,Masuk,KHLTB,Mataindo Utara,0,0,0,2332,0,0,0,0,0,0,0,0,0,0,2332
2025,December,2025-12-03,Pembibitan Mandiri,Masuk,KHLTB,Mataindo Utara,0,0,0,0,0,0,40,4,0,0,0,0,0,0,44
2025,December,2025-12-31,Pembibitan Mandiri,Masuk,KHLTB,Mataindo Utara,0,0,0,0,0,180,0,0,0,0,0,0,0,0,180
2026,January,2026-01-31,Pembibitan Mandiri,Masuk,KHLTB,Mataindo Utara,0,0,0,0,0,0,0,0,20,0,0,0,0,0,20
2026,January,2026-01-31,Cabutan,Masuk,KHLTB,Mataindo Utara,0,0,0,0,0,0,0,0,0,160,0,0,0,0,160
2026,February,2026-02-22,Cabutan,Masuk,KHLTB,Mataindo Utara,0,0,0,0,0,0,120,0,0,0,0,0,0,0,120
2026,March,2026-03-04,Pembibitan Mandiri,Masuk,KEMP,Pusian Barat,13,0,0,124,0,0,0,0,0,0,0,0,0,0,137
2026,April,2026-04-06,Pembibitan Mandiri,Masuk,KEMP,Pusian Barat,23,0,0,26,1066,0,0,0,0,0,0,0,0,0,1115
2026,April,2026-04-19,Kotamobagu,Masuk,KHLTB,Adow,0,0,0,0,0,0,0,0,0,0,500,0,0,0,500
2026,April,2026-04-27,Gorontalo,Masuk,KHLTB,Mataindo Utara,0,0,0,0,0,0,0,0,0,0,0,200,0,0,200
2026,April,2026-04-25,SMART Patrol,Masuk,KHLTB,Mataindo Utara,0,0,0,0,0,0,0,0,0,0,0,0,15,12,27
2025,August,2025-08-05,Agroforestry,Keluar,KHLTB,Mataindo Utara,5,3,3,0,4,0,0,0,0,0,0,0,0,0,15
2025,September,2025-09-07,Agroforestry,Keluar,KHLTB,Mataindo Utara,20,10,0,0,0,0,0,0,0,0,0,0,0,0,30
2025,September,2025-09-10,Agroforestry,Keluar,KHLTB,Mataindo Utara,20,0,0,8,0,0,0,0,0,0,0,0,0,0,28
2025,September,2025-09-12,Agroforestry,Keluar,KHLTB,Mataindo Utara,15,0,0,10,0,0,0,0,0,0,0,0,0,0,25
2025,September,2025-09-14,Agroforestry,Keluar,KHLTB,Mataindo,20,0,0,0,0,0,0,0,0,0,0,0,0,0,20
2025,September,2025-09-15,Agroforestry,Keluar,KHLTB,Mataindo Utara,20,0,0,0,0,0,0,0,0,0,0,0,0,0,20
2025,September,2025-09-17,Agroforestry,Keluar,KHLTB,Mataindo,20,0,0,0,5,0,0,0,0,0,0,0,0,0,25
2025,September,2025-09-17,Agroforestry,Keluar,KHLTB,Mataindo,20,0,0,0,0,0,0,0,0,0,0,0,0,0,20
2025,September,2025-09-18,Agroforestry,Keluar,KHLTB,Mataindo,20,0,0,0,0,0,0,0,0,0,0,0,0,0,20
2025,September,2025-09-18,Agroforestry,Keluar,KHLTB,Mataindo,20,0,0,0,0,0,0,0,0,0,0,0,0,0,20
2025,September,2025-09-18,Agroforestry,Keluar,KHLTB,Mataindo,15,0,0,0,0,0,0,0,0,0,0,0,0,0,15
2025,September,2025-09-20,Agroforestry,Keluar,KHLTB,Mataindo Utara,20,0,0,0,0,0,0,0,0,0,0,0,0,0,20
2025,September,2025-09-20,Agroforestry,Keluar,KHLTB,Mataindo,20,0,10,0,0,0,0,0,0,0,0,0,0,0,30
2025,September,2025-09-20,Agroforestry,Keluar,KHLTB,Mataindo Utara,20,0,0,0,0,0,0,0,0,0,0,0,0,0,20
2025,September,2025-09-21,Agroforestry,Keluar,KHLTB,Mataindo Utara,24,0,0,0,0,0,0,0,0,0,0,0,0,0,24
2025,September,2025-09-22,Agroforestry,Keluar,KHLTB,Mataindo,40,20,0,0,0,0,0,0,0,0,0,0,0,0,60
2025,September,2025-09-23,Agroforestry,Keluar,KHLTB,Mataindo Utara,20,0,0,0,0,0,0,0,0,0,0,0,0,0,20
2025,September,2025-09-24,Agroforestry,Keluar,KHLTB,Mataindo Utara,20,0,0,0,0,0,0,0,0,0,0,0,0,0,20
2025,September,2025-09-26,Agroforestry,Keluar,KHLTB,Mataindo Utara,20,0,0,0,0,0,0,0,0,0,0,0,0,0,20
2025,September,2025-09-27,Agroforestry,Keluar,KHLTB,Mataindo Utara,32,0,0,0,0,0,0,0,0,0,0,0,0,0,32
2025,September,2025-09-28,Agroforestry,Keluar,KHLTB,Mataindo Utara,10,0,0,0,0,0,0,0,0,0,0,0,0,0,10
2025,September,2025-09-28,Agroforestry,Keluar,KHLTB,Mataindo,0,10,0,0,0,0,0,0,0,0,0,0,0,0,10
2025,September,2025-09-28,Agroforestry,Keluar,KHLTB,Mataindo,0,0,0,0,0,25,0,0,0,0,0,0,0,0,25
2025,September,2025-09-29,Agroforestry,Keluar,KHLTB,Mataindo Utara,40,0,0,0,0,0,0,0,0,0,0,0,0,0,40
2025,September,2025-09-29,Agroforestry,Keluar,KHLTB,Mataindo,20,5,5,0,0,0,0,0,0,0,0,0,0,0,30
2025,October,2025-10-01,Agroforestry,Keluar,KHLTB,Mataindo Utara,0,10,0,0,0,0,0,0,0,0,0,0,0,0,10
2025,October,2025-10-02,Agroforestry,Keluar,KHLTB,Mataindo Utara,0,0,0,0,0,40,0,0,0,0,0,0,0,0,40
2025,October,2025-10-03,Agroforestry,Keluar,KHLTB,Mataindo Utara,0,0,0,0,5,25,0,0,0,0,0,0,0,0,30
2025,October,2025-10-04,Agroforestry,Keluar,KHLTB,Mataindo Utara,0,10,0,0,0,0,0,0,0,0,0,0,0,0,10
2025,October,2025-10-04,Agroforestry,Keluar,KHLTB,Mataindo Utara,0,0,0,0,0,10,0,0,0,0,0,0,0,0,10
2025,October,2025-10-05,Agroforestry,Keluar,KHLTB,Mataindo,0,0,0,0,0,50,0,0,0,0,0,0,0,0,50
2025,October,2025-10-06,Agroforestry,Keluar,KHLTB,Mataindo Utara,0,0,1,0,0,15,0,0,0,0,0,0,0,0,16
2025,October,2025-10-06,Agroforestry,Keluar,KHLTB,Mataindo Utara,0,0,1,0,0,30,0,0,0,0,0,0,0,0,31
2025,October,2025-10-07,Agroforestry,Keluar,KHLTB,Mataindo Utara,0,0,0,0,0,15,0,0,0,0,0,0,0,0,15
2025,October,2025-10-07,Agroforestry,Keluar,KHLTB,Mataindo,0,0,0,0,0,50,0,0,0,0,0,0,0,0,50
2025,October,2025-10-08,Agroforestry,Keluar,KHLTB,Mataindo Utara,0,25,0,0,0,15,0,0,0,0,0,0,0,0,40
2025,October,2025-10-09,Agroforestry,Keluar,KHLTB,Mataindo,0,0,11,0,10,0,12,0,0,0,0,0,0,0,33
2025,October,2025-10-09,Agroforestry,Keluar,KHLTB,Mataindo Utara,0,0,0,0,0,18,0,0,0,0,0,0,0,0,18
2025,October,2025-10-09,Agroforestry,Keluar,KHLTB,Mataindo Utara,0,0,0,0,0,15,0,0,0,0,0,0,0,0,15
2025,October,2025-10-09,Agroforestry,Keluar,KHLTB,Mataindo Utara,10,0,0,10,0,0,0,0,0,0,0,0,0,0,20
2025,October,2025-10-09,Agroforestry,Keluar,KHLTB,Mataindo,0,5,0,0,0,20,0,0,0,0,0,0,0,0,25
2025,October,2025-10-10,Agroforestry,Keluar,KHLTB,Mataindo Utara,5,0,5,0,0,25,0,0,0,0,0,0,0,0,35
2025,October,2025-10-10,Agroforestry,Keluar,KHLTB,Adow,0,0,0,0,0,0,0,0,0,0,0,0,0,0,0
2025,October,2025-10-11,Agroforestry,Keluar,KHLTB,Mataindo,20,0,0,0,0,0,0,0,0,0,0,0,0,0,20
2025,October,2025-10-11,Agroforestry,Keluar,KHLTB,Mataindo Utara,0,0,0,0,0,15,0,0,0,0,0,0,0,0,15
2025,October,2025-10-11,Agroforestry,Keluar,KHLTB,Mataindo Utara,0,0,1,0,0,20,0,0,0,0,0,0,0,0,21
2025,October,2025-10-12,Agroforestry,Keluar,KHLTB,Mataindo,0,0,0,0,0,0,0,20,0,0,0,0,0,0,20
2025,October,2025-10-12,Agroforestry,Keluar,KHLTB,Mataindo Utara,0,0,0,0,0,5,0,45,0,0,0,0,0,0,50
2025,October,2025-10-12,Agroforestry,Keluar,KHLTB,Mataindo Utara,0,0,0,0,0,10,0,0,0,0,0,0,0,0,10
2025,October,2025-10-12,Agroforestry,Keluar,KHLTB,Mataindo,30,5,0,0,0,0,0,0,0,0,0,0,0,0,35
2025,October,2025-10-13,Agroforestry,Keluar,KHLTB,Mataindo Utara,0,5,5,0,0,35,0,0,0,0,0,0,0,0,45
2025,October,2025-10-13,Agroforestry,Keluar,KHLTB,Mataindo,0,0,0,0,0,20,0,0,0,0,0,0,0,0,20
2025,October,2025-10-13,Agroforestry,Keluar,KHLTB,Mataindo,30,0,0,0,0,0,0,0,0,0,0,0,0,0,30
2025,October,2025-10-13,Agroforestry,Keluar,KHLTB,Mataindo Utara,0,0,0,0,0,10,0,0,0,0,0,0,0,0,10
2025,October,2025-10-14,Agroforestry,Keluar,KHLTB,Mataindo Utara,0,0,0,0,0,35,0,0,0,0,0,0,0,0,35
2025,October,2025-10-14,Agroforestry,Keluar,KHLTB,Mataindo Utara,0,0,0,0,0,10,0,0,0,0,0,0,0,0,10
2025,October,2025-10-14,Agroforestry,Keluar,KHLTB,Mataindo Utara,0,0,0,0,0,50,0,0,0,0,0,0,0,0,50
2025,October,2025-10-15,Agroforestry,Keluar,KHLTB,Mataindo Utara,0,0,0,0,0,0,0,20,0,0,0,0,0,0,20
2025,October,2025-10-15,Agroforestry,Keluar,KHLTB,Mataindo Utara,0,0,0,0,0,16,0,0,0,0,0,0,0,0,16
2025,October,2025-10-15,Agroforestry,Keluar,KHLTB,Mataindo Utara,0,0,0,0,0,25,0,0,0,0,0,0,0,0,25
2025,October,2025-10-16,Agroforestry,Keluar,KHLTB,Mataindo Utara,0,4,0,0,0,34,0,0,0,0,0,0,0,0,38
2025,October,2025-10-16,Agroforestry,Keluar,KHLTB,Mataindo Utara,0,0,0,25,0,0,25,0,0,0,0,0,0,0,50
2025,October,2025-10-17,Agroforestry,Keluar,KHLTB,Mataindo Utara,0,0,0,0,0,25,0,0,0,0,0,0,0,0,25
2025,October,2025-10-18,Agroforestry,Keluar,KHLTB,Mataindo Utara,0,0,5,0,0,40,0,0,0,0,0,0,0,0,45
2025,October,2025-10-19,Agroforestry,Keluar,KHLTB,Mataindo Utara,0,3,0,0,0,35,0,0,0,0,0,0,0,0,38
2025,October,2025-10-19,Agroforestry,Keluar,KHLTB,Mataindo Utara,0,0,0,0,0,20,0,0,0,0,0,0,0,0,20
2025,October,2025-10-19,Agroforestry,Keluar,KHLTB,Mataindo,0,10,0,20,0,0,0,0,0,0,0,0,0,0,30
2025,October,2025-10-20,Agroforestry,Keluar,KHLTB,Mataindo Utara,0,0,0,0,0,16,0,0,0,0,0,0,0,0,16
2025,October,2025-10-20,Agroforestry,Keluar,KHLTB,Mataindo Utara,10,0,0,0,0,50,0,0,0,0,0,0,0,0,60
2025,October,2025-10-21,Agroforestry,Keluar,KHLTB,Mataindo Utara,0,4,0,0,0,10,0,0,0,0,0,0,0,0,14
2025,October,2025-10-22,Agroforestry,Keluar,KHLTB,Mataindo Utara,0,0,0,0,0,14,0,0,0,0,0,0,0,0,14
2025,October,2025-10-22,Agroforestry,Keluar,KHLTB,Mataindo Utara,0,0,0,0,0,10,0,0,0,0,0,0,0,0,10
2025,October,2025-10-23,Agroforestry,Keluar,KHLTB,Mataindo Utara,0,0,0,15,0,0,15,0,0,0,0,0,0,0,30
2025,October,2025-10-24,Agroforestry,Keluar,KHLTB,Mataindo,45,0,0,0,0,0,0,0,0,0,0,0,0,0,45
2025,October,2025-10-25,Agroforestry,Keluar,KHLTB,Mataindo Utara,0,0,0,0,0,15,0,0,0,0,0,0,0,0,15
2025,October,2025-10-26,Agroforestry,Keluar,KHLTB,Mataindo Utara,0,0,0,0,0,15,0,0,0,0,0,0,0,0,15
2025,October,2025-10-26,Agroforestry,Keluar,KHLTB,Mataindo Utara,0,0,0,0,0,20,0,0,0,0,0,0,0,0,20
2025,October,2025-10-27,Agroforestry,Keluar,KHLTB,Mataindo,0,0,0,0,0,30,0,0,0,0,0,0,0,0,30
2025,October,2025-10-27,Agroforestry,Keluar,KHLTB,Mataindo,0,0,0,0,0,15,0,0,0,0,0,0,0,0,15
2025,October,2025-10-27,Agroforestry,Keluar,KHLTB,Mataindo Utara,0,0,0,0,0,35,0,0,0,0,0,0,0,0,35
2025,October,2025-10-28,Agroforestry,Keluar,KHLTB,Mataindo Utara,0,0,0,0,0,50,0,0,0,0,0,0,0,0,50
2025,October,2025-10-28,Agroforestry,Keluar,KHLTB,Mataindo Utara,0,0,0,0,0,35,0,0,0,0,0,0,0,0,35
2025,October,2025-10-29,Agroforestry,Keluar,KHLTB,Mataindo,30,0,0,0,0,0,0,0,0,0,0,0,0,0,30
2025,October,2025-10-29,Agroforestry,Keluar,KHLTB,Mataindo Utara,0,0,0,0,0,20,0,0,0,0,0,0,0,0,20
2025,October,2025-10-30,Agroforestry,Keluar,KHLTB,Torosik,0,0,4,0,0,16,0,4,0,0,0,0,0,0,24
2025,October,2025-10-30,Agroforestry,Keluar,KHLTB,Tobayagan Selatan,5,10,2,0,0,0,0,5,0,0,0,0,0,0,22
2025,October,2025-10-31,Agroforestry,Keluar,KHLTB,Mataindo Utara,0,0,0,0,0,50,0,0,0,0,0,0,0,0,50
2025,October,2025-10-31,Agroforestry,Keluar,KHLTB,Mataindo Utara,0,0,0,0,0,25,0,0,0,0,0,0,0,0,25
2025,October,2025-10-31,Agroforestry,Keluar,KHLTB,Mataindo,0,0,0,4,0,16,0,4,0,0,0,0,0,0,24
2025,November,2025-11-01,Agroforestry,Keluar,KHLTB,Mataindo Utara,0,0,0,0,0,15,0,0,0,0,0,0,0,0,15
2025,November,2025-11-01,Agroforestry,Keluar,KHLTB,Mataindo,20,0,0,0,0,0,0,0,0,0,0,0,0,0,20
2025,November,2025-11-01,Agroforestry,Keluar,KHLTB,Mataindo,0,0,0,0,0,15,0,0,0,0,0,0,0,0,15
2025,November,2025-11-01,Agroforestry,Keluar,KHLTB,Deaga,10,10,6,0,0,0,0,0,0,0,0,0,0,0,26
2025,November,2025-11-02,Agroforestry,Keluar,KHLTB,Mataindo Utara,0,0,0,0,0,19,0,0,0,0,0,0,0,0,19
2025,November,2025-11-02,Agroforestry,Keluar,KHLTB,Mataindo,20,0,0,0,0,0,0,0,0,0,0,0,0,0,20
2025,November,2025-11-02,Agroforestry,Keluar,KHLTB,Mataindo,22,0,0,0,0,0,0,0,0,0,0,0,0,0,22
2025,November,2025-11-02,Agroforestry,Keluar,KHLTB,Adow,4,0,4,0,0,8,0,0,0,0,0,0,0,0,16
2025,November,2025-11-03,Agroforestry,Keluar,KHLTB,Mataindo,0,0,0,0,0,20,0,0,0,0,0,0,0,0,20
2025,November,2025-11-03,Agroforestry,Keluar,KHLTB,Mataindo Utara,0,0,0,0,0,15,0,20,0,0,0,0,0,0,35
2025,November,2025-11-04,Agroforestry,Keluar,KHLTB,Mataindo,46,0,0,0,0,0,0,0,0,0,0,0,0,0,46
2025,November,2025-11-05,Agroforestry,Keluar,KHLTB,Mataindo Utara,0,0,0,0,0,25,0,0,0,0,0,0,0,0,25
2025,November,2025-11-05,Agroforestry,Keluar,KHLTB,Mataindo Utara,0,0,0,0,0,0,0,15,0,0,0,0,0,0,15
2025,November,2025-11-05,Agroforestry,Keluar,KHLTB,Mataindo,0,0,0,0,0,15,0,0,0,0,0,0,0,0,15
2025,November,2025-11-06,Agroforestry,Keluar,KHLTB,Mataindo Utara,0,0,0,0,0,30,0,0,0,0,0,0,0,0,30
2025,November,2025-11-06,Agroforestry,Keluar,KHLTB,Mataindo Utara,0,0,0,0,0,15,0,0,0,0,0,0,0,0,15
2025,November,2025-11-06,Agroforestry,Keluar,KHLTB,Mataindo,0,0,0,0,0,30,0,0,0,0,0,0,0,0,30
2025,November,2025-11-06,Agroforestry,Keluar,KHLTB,Mataindo Utara,0,0,1,0,0,0,0,7,0,0,0,0,0,0,8
2025,November,2025-11-07,Agroforestry,Keluar,KHLTB,Mataindo Utara,0,0,3,0,0,29,0,0,0,0,0,0,0,0,32
2025,November,2025-11-07,Agroforestry,Keluar,KHLTB,Mataindo,0,0,0,0,0,50,0,0,0,0,0,0,0,0,50
2025,November,2025-11-08,Agroforestry,Keluar,KHLTB,Mataindo Utara,0,7,0,0,0,43,0,0,0,0,0,0,0,0,50
2025,November,2025-11-08,Agroforestry,Keluar,KHLTB,Mataindo Utara,0,2,0,0,0,50,0,0,0,0,0,0,0,0,52
2025,November,2025-11-09,Agroforestry,Keluar,KHLTB,Mataindo Utara,0,0,0,0,0,20,0,0,0,0,0,0,0,0,20
2025,November,2025-11-09,Agroforestry,Keluar,KHLTB,Mataindo Utara,0,0,0,0,0,28,0,0,0,0,0,0,0,0,28
2025,November,2025-11-10,Agroforestry,Keluar,KHLTB,Torosik,0,10,10,0,0,0,0,10,0,0,0,0,0,0,30
2025,November,2025-11-10,Agroforestry,Keluar,KHLTB,Mataindo Utara,0,0,0,0,0,10,0,14,0,0,0,0,0,0,24
2025,November,2025-11-10,Agroforestry,Keluar,KHLTB,Mataindo,0,0,0,0,0,31,0,0,0,0,0,0,0,0,31
2025,November,2025-11-10,Agroforestry,Keluar,KHLTB,Mataindo,0,0,0,0,0,31,0,0,0,0,0,0,0,0,31
2025,November,2025-11-11,Agroforestry,Keluar,KHLTB,Mataindo Utara,20,0,0,0,0,15,0,0,0,0,0,0,0,0,35
2025,November,2025-11-11,Agroforestry,Keluar,KHLTB,Mataindo,3,0,0,0,0,15,0,0,0,0,0,0,0,0,18
2025,November,2025-11-11,Agroforestry,Keluar,KHLTB,Mataindo,0,0,0,0,0,30,0,0,0,0,0,0,0,0,30
2025,November,2025-11-12,Agroforestry,Keluar,KHLTB,Mataindo Utara,0,0,0,0,0,0,0,15,0,0,0,0,0,0,15
2025,November,2025-11-12,Agroforestry,Keluar,KHLTB,Mataindo Utara,0,0,0,0,0,30,0,0,0,0,0,0,0,0,30
2025,November,2025-11-12,Agroforestry,Keluar,KHLTB,Mataindo Utara,0,0,1,0,0,34,0,0,0,0,0,0,0,0,35
2025,November,2025-11-13,Agroforestry,Keluar,KHLTB,Mataindo Utara,41,5,1,0,0,30,0,0,0,0,0,0,0,0,77
2025,November,2025-11-13,Agroforestry,Keluar,KHLTB,Mataindo,0,0,0,0,0,25,0,0,0,0,0,0,0,0,25
2025,November,2025-11-13,Agroforestry,Keluar,KHLTB,Mataindo,0,0,0,0,0,30,0,0,0,0,0,0,0,0,30
2025,November,2025-11-14,Agroforestry,Keluar,KHLTB,Mataindo Utara,0,0,0,0,0,36,0,0,0,0,0,0,0,0,36
2025,November,2025-11-14,Agroforestry,Keluar,KHLTB,Mataindo,0,0,0,0,0,45,0,0,0,0,0,0,0,0,45
2025,November,2025-11-14,Agroforestry,Keluar,KHLTB,Mataindo,0,0,0,0,0,35,0,0,0,0,0,0,0,0,35
2025,November,2025-11-15,Agroforestry,Keluar,KHLTB,Mataindo Utara,31,0,0,0,0,0,0,0,0,0,0,0,0,0,31
2025,November,2025-11-16,Agroforestry,Keluar,KHLTB,Mataindo,0,0,2,0,0,40,0,0,0,0,0,0,0,0,42
2025,November,2025-11-16,Agroforestry,Keluar,KHLTB,Mataindo Utara,0,8,10,0,0,0,0,9,0,0,0,0,0,0,27
2025,November,2025-11-16,Agroforestry,Keluar,KHLTB,Mataindo,0,0,0,0,0,49,0,0,0,0,0,0,0,0,49
2025,November,2025-11-17,Agroforestry,Keluar,KHLTB,Mataindo,0,0,0,0,0,50,0,0,0,0,0,0,0,0,50
2025,November,2025-11-17,Agroforestry,Keluar,KHLTB,Mataindo,0,0,20,0,0,0,0,0,0,0,0,0,0,0,20
2025,November,2025-11-18,Agroforestry,Keluar,KHLTB,Mataindo Utara,0,0,0,0,0,30,0,0,0,0,0,0,0,0,30
2025,November,2025-11-18,Agroforestry,Keluar,KHLTB,Mataindo Utara,0,0,0,0,0,50,0,0,0,0,0,0,0,0,50
2025,November,2025-11-19,Agroforestry,Keluar,KHLTB,Mataindo Utara,20,0,0,0,0,0,0,0,0,0,0,0,0,0,20
2025,November,2025-11-19,Agroforestry,Keluar,KHLTB,Mataindo,50,0,0,0,0,0,0,0,0,0,0,0,0,0,50
2025,November,2025-11-19,Agroforestry,Keluar,KHLTB,Adow,40,10,10,0,0,30,0,10,0,0,0,0,0,0,100
2025,November,2025-11-20,Agroforestry,Keluar,KHLTB,Mataindo Utara,0,0,0,0,0,15,0,0,0,0,0,0,0,0,15
2025,November,2025-11-20,Agroforestry,Keluar,KHLTB,Mataindo Utara,0,0,4,0,0,8,0,0,0,0,0,0,0,0,12
2025,November,2025-11-20,Agroforestry,Keluar,KHLTB,Mataindo,0,0,0,0,0,20,0,0,0,0,0,0,0,0,20
2025,November,2025-11-20,Agroforestry,Keluar,KHLTB,Mataindo,0,0,0,0,0,30,0,0,0,0,0,0,0,0,30
2025,November,2025-11-20,Agroforestry,Keluar,KHLTB,Torosik,50,0,20,0,0,30,0,0,0,0,0,0,0,0,100
2025,November,2025-11-21,Agroforestry,Keluar,KHLTB,Mataindo Utara,0,0,0,0,0,10,0,0,0,0,0,0,0,0,10
2025,November,2025-11-21,Agroforestry,Keluar,KHLTB,Mataindo Utara,0,0,0,0,0,20,0,0,0,0,0,0,0,0,20
2025,November,2025-11-21,Agroforestry,Keluar,KHLTB,Mataindo,0,0,0,0,0,59,0,0,0,0,0,0,0,0,59
2025,November,2025-11-21,Agroforestry,Keluar,KHLTB,Mataindo,0,0,0,0,0,30,0,0,0,0,0,0,0,0,30
2025,November,2025-11-22,Agroforestry,Keluar,KHLTB,Mataindo Utara,0,0,0,0,0,50,0,0,0,0,0,0,0,0,50
2025,November,2025-11-22,Agroforestry,Keluar,KHLTB,Mataindo Utara,0,0,0,0,0,15,0,0,0,0,0,0,0,0,15
2025,November,2025-11-22,Agroforestry,Keluar,KHLTB,Mataindo Utara,0,0,15,0,0,0,0,0,0,0,0,0,0,0,15
2025,November,2025-11-22,Agroforestry,Keluar,KHLTB,Torosik,10,0,10,0,0,30,0,0,0,0,0,0,0,0,50
2025,November,2025-11-23,Agroforestry,Keluar,KHLTB,Mataindo,0,0,0,0,0,53,0,0,0,0,0,0,0,0,53
2025,November,2025-11-23,Agroforestry,Keluar,KHLTB,Torosik,0,5,5,0,0,30,0,0,0,0,0,0,0,0,40
2025,November,2025-11-23,Agroforestry,Keluar,KHLTB,Mataindo Utara,15,0,0,0,0,0,0,0,0,0,0,0,0,0,15
2025,November,2025-11-24,Agroforestry,Keluar,KHLTB,Mataindo,30,0,3,0,0,17,0,0,0,0,0,0,0,0,50
2025,November,2025-11-24,Agroforestry,Keluar,KHLTB,Mataindo Utara,0,0,0,0,0,0,0,14,0,0,0,0,0,0,14
2025,November,2025-11-24,Agroforestry,Keluar,KHLTB,Mataindo Utara,0,0,8,0,0,0,0,0,0,0,0,0,0,0,8
2025,November,2025-11-25,Agroforestry,Keluar,KHLTB,Mataindo,0,0,0,0,0,26,0,0,0,0,0,0,0,0,26
2025,November,2025-11-25,Agroforestry,Keluar,KHLTB,Mataindo,0,0,11,0,0,0,0,0,0,0,0,0,0,0,11
2025,November,2025-11-26,Agroforestry,Keluar,KHLTB,Torosik,5,0,5,0,0,30,0,10,0,0,0,0,0,0,50
2025,November,2025-11-27,Agroforestry,Keluar,KHLTB,Mataindo,0,0,0,0,0,52,0,0,0,0,0,0,0,0,52
2025,November,2025-11-28,Agroforestry,Keluar,KHLTB,Mataindo Utara,29,0,0,0,0,47,0,0,0,0,0,0,0,0,76
2025,November,2025-11-28,Agroforestry,Keluar,KHLTB,Mataindo,0,0,0,0,0,53,0,0,0,0,0,0,0,0,53
2025,November,2025-11-29,Agroforestry,Keluar,KHLTB,Mataindo Utara,0,1,0,0,10,5,0,0,0,0,0,0,0,0,16
2025,November,2025-11-29,Agroforestry,Keluar,KHLTB,Mataindo,0,0,2,0,0,0,0,0,0,0,0,0,0,0,2
2025,November,2025-11-29,Agroforestry,Keluar,KHLTB,Mataindo Utara,33,0,0,0,0,0,0,0,0,0,0,0,0,0,33
2025,November,2025-11-29,Agroforestry,Keluar,KHLTB,Mataindo Utara,0,10,0,0,0,24,0,0,0,0,0,0,0,0,34
2025,November,2025-11-29,Restorasi,Keluar,KEMP,Pusian Barat,3,0,3,3,0,0,0,0,0,0,0,0,0,0,9
2025,November,2025-11-30,Agroforestry,Keluar,KHLTB,Mataindo Utara,0,1,0,0,0,105,0,5,0,0,0,0,0,0,111
2025,November,2025-11-30,Agroforestry,Keluar,KHLTB,Mataindo,19,0,2,0,0,20,0,0,0,0,0,0,0,0,41
2025,December,2025-12-01,Agroforestry,Keluar,KHLTB,Mataindo,61,0,0,0,0,0,0,0,0,0,0,0,0,0,61
2025,December,2025-12-01,Agroforestry,Keluar,KHLTB,Adow,40,10,10,0,0,30,0,10,0,0,0,0,0,0,100
2025,December,2025-12-01,Agroforestry,Keluar,KHLTB,Torosik,0,10,10,0,0,30,0,10,0,0,0,0,0,0,60
2025,December,2025-12-01,Agroforestry,Keluar,KHLTB,Mataindo Utara,0,0,0,0,0,15,0,0,0,0,0,0,0,0,15
2025,December,2025-12-01,Agroforestry,Keluar,KHLTB,Mataindo Utara,0,0,0,0,0,20,0,0,0,0,0,0,0,0,20
2025,December,2025-12-02,Agroforestry,Keluar,KHLTB,Mataindo,0,0,0,0,0,25,0,0,0,0,0,0,0,0,25
2025,December,2025-12-02,Agroforestry,Keluar,KHLTB,Mataindo,42,0,20,0,0,0,0,0,0,0,0,0,0,0,62
2025,December,2025-12-02,Agroforestry,Keluar,KHLTB,Torosik,0,10,10,0,0,30,0,10,0,0,0,0,0,0,60
2025,December,2025-12-02,Agroforestry,Keluar,KHLTB,Mataindo Utara,10,0,5,0,0,20,0,0,0,0,0,0,0,0,35
2025,December,2025-12-03,Agroforestry,Keluar,KHLTB,Adow,25,10,10,0,0,45,0,10,0,0,0,0,0,0,100
2025,December,2025-12-03,Agroforestry,Keluar,KHLTB,Mataindo,5,15,0,0,0,30,0,0,0,0,0,0,0,0,50
2025,December,2025-12-03,Agroforestry,Keluar,KHLTB,Mataindo Utara,0,0,0,0,0,40,4,0,0,0,0,0,0,0,44
2025,December,2025-12-04,Agroforestry,Keluar,KHLTB,Mataindo,0,0,15,0,0,0,0,5,0,0,0,0,0,0,20
2025,December,2025-12-04,Agroforestry,Keluar,KHLTB,Mataindo,0,0,0,0,0,20,0,0,0,0,0,0,0,0,20
2025,December,2025-12-04,Agroforestry,Keluar,KHLTB,Torosik,20,10,5,0,0,30,0,5,0,0,0,0,0,0,70
2025,December,2025-12-04,Agroforestry,Keluar,KHLTB,Mataindo Utara,0,0,2,0,0,18,0,0,0,0,0,0,0,0,20
2025,December,2025-12-04,Agroforestry,Keluar,KHLTB,Mataindo Utara,30,0,0,0,0,0,0,0,0,0,0,0,0,0,30
2025,December,2025-12-05,Agroforestry,Keluar,KHLTB,Mataindo Utara,0,0,0,0,0,0,0,12,0,0,0,0,0,0,12
2025,December,2025-12-05,Agroforestry,Keluar,KHLTB,Mataindo Utara,0,0,0,0,0,0,0,4,0,0,0,0,0,0,4
2025,December,2025-12-06,Agroforestry,Keluar,KHLTB,Mataindo Utara,0,0,0,0,0,20,0,0,0,0,0,0,0,0,20
2025,December,2025-12-06,Agroforestry,Keluar,KHLTB,Mataindo,50,0,1,0,0,25,0,0,0,0,0,0,0,0,76
2025,December,2025-12-07,Agroforestry,Keluar,KHLTB,Mataindo Utara,0,0,28,0,0,0,0,0,0,0,0,0,0,0,28
2025,December,2025-12-07,Agroforestry,Keluar,KHLTB,Mataindo Utara,0,13,0,0,0,0,0,0,0,0,0,0,0,0,13
2025,December,2025-12-08,Agroforestry,Keluar,KHLTB,Mataindo,0,0,0,0,0,53,0,0,0,0,0,0,0,0,53
2025,December,2025-12-08,Agroforestry,Keluar,KHLTB,Mataindo Utara,30,0,0,0,0,0,0,0,0,0,0,0,0,0,30
2025,December,2025-12-09,Agroforestry,Keluar,KHLTB,Torosik,10,0,10,0,0,30,0,10,0,0,0,0,0,0,60
2025,December,2025-12-09,Agroforestry,Keluar,KHLTB,Mataindo Utara,0,1,0,0,0,27,0,6,0,0,0,0,0,0,34
2025,December,2025-12-09,Agroforestry,Keluar,KHLTB,Mataindo,0,0,7,0,0,25,0,0,0,0,0,0,0,0,32
2025,December,2025-12-09,Agroforestry,Keluar,KHLTB,Mataindo,0,0,0,0,0,22,0,0,0,0,0,0,0,0,22
2025,December,2025-12-10,Agroforestry,Keluar,KHLTB,Torosik,0,2,5,0,0,25,0,6,0,0,0,0,0,0,38
2025,December,2025-12-10,Agroforestry,Keluar,KHLTB,Mataindo Utara,0,5,5,0,0,0,0,0,0,0,0,0,0,0,10
2025,December,2025-12-10,Agroforestry,Keluar,KHLTB,Mataindo Utara,0,1,5,0,0,0,0,1,0,0,0,0,0,0,7
2025,December,2025-12-12,Agroforestry,Keluar,KHLTB,Mataindo,70,0,0,0,0,0,0,0,0,0,0,0,0,0,70
2025,December,2025-12-13,Agroforestry,Keluar,KHLTB,Mataindo Utara,0,1,0,0,0,15,0,0,0,0,0,0,0,0,16
2025,December,2025-12-14,Agroforestry,Keluar,KHLTB,Torosik,0,0,5,0,0,30,0,6,0,0,0,0,0,0,41
2025,December,2025-12-15,Agroforestry,Keluar,KHLTB,Torosik,0,5,10,0,0,30,0,10,0,0,0,0,0,0,55
2025,December,2025-12-15,Agroforestry,Keluar,KHLTB,Mataindo,0,0,0,0,0,25,0,0,0,0,0,0,0,0,25
2025,December,2025-12-15,Agroforestry,Keluar,KHLTB,Mataindo Utara,1,0,0,0,0,5,0,0,0,0,0,0,0,0,6
2025,December,2025-12-15,Agroforestry,Keluar,KHLTB,Mataindo,0,5,7,0,0,0,0,0,0,0,0,0,0,0,12
2025,December,2025-12-15,Agroforestry,Keluar,KHLTB,Mataindo,10,5,0,0,0,0,0,0,0,0,0,0,0,0,15
2025,December,2025-12-16,Agroforestry,Keluar,KHLTB,Torosik,0,0,5,0,0,30,0,6,0,0,0,0,0,0,41
2025,December,2025-12-16,Agroforestry,Keluar,KHLTB,Mataindo Utara,0,0,0,0,0,20,0,0,0,0,0,0,0,0,20
2025,December,2025-12-16,Agroforestry,Keluar,KHLTB,Deaga,16,0,4,0,0,30,0,8,0,0,0,0,0,0,58
2025,December,2025-12-16,Agroforestry,Keluar,KHLTB,Mataindo,0,0,6,0,0,36,0,0,0,0,0,0,0,0,42
2025,December,2025-12-17,Agroforestry,Keluar,KHLTB,Mataindo Utara,0,1,0,0,0,18,0,16,0,0,0,0,0,0,35
2025,December,2025-12-17,Agroforestry,Keluar,KHLTB,Mataindo,0,0,5,0,0,33,0,0,0,0,0,0,0,0,38
2025,December,2025-12-18,Agroforestry,Keluar,KHLTB,Mataindo Utara,0,0,0,0,0,15,0,0,0,0,0,0,0,0,15
2025,December,2025-12-18,Agroforestry,Keluar,KHLTB,Mataindo,36,0,0,40,0,0,0,0,0,0,0,0,0,0,76
2025,December,2025-12-19,Agroforestry,Keluar,KHLTB,Mataindo,0,0,1,0,0,21,0,21,0,0,0,0,0,0,43
2025,December,2025-12-19,Agroforestry,Keluar,KHLTB,Mataindo Utara,0,0,0,0,0,26,0,0,0,0,0,0,0,0,26
2025,December,2025-12-20,Agroforestry,Keluar,KHLTB,Mataindo Utara,0,0,2,0,0,13,0,0,0,0,0,0,0,0,15
2025,December,2025-12-21,Agroforestry,Keluar,KHLTB,Mataindo,0,8,10,8,0,0,0,11,0,0,0,0,0,0,37
2025,December,2025-12-21,Agroforestry,Keluar,KHLTB,Mataindo Utara,0,0,0,0,0,20,0,0,0,0,0,0,0,0,20
2025,December,2025-12-21,Agroforestry,Keluar,KHLTB,Torosik,11,0,10,0,0,29,0,0,0,0,0,0,0,0,50
2025,December,2025-12-22,Agroforestry,Keluar,KHLTB,Mataindo,6,0,2,0,0,49,0,0,0,0,0,0,0,0,57
2025,December,2025-12-22,Agroforestry,Keluar,KHLTB,Torosik,0,5,5,0,0,30,0,5,0,0,0,0,0,0,45
2025,December,2025-12-23,Agroforestry,Keluar,KHLTB,Torosik,0,6,5,0,0,30,0,7,0,0,0,0,0,0,48
2025,December,2025-12-23,Agroforestry,Keluar,KHLTB,Mataindo,43,0,0,0,0,0,0,0,0,0,0,0,0,0,43
2025,December,2025-12-23,Agroforestry,Keluar,KHLTB,Mataindo,0,0,2,0,0,0,0,0,0,0,0,0,0,0,2
2025,December,2025-12-24,Agroforestry,Keluar,KHLTB,Torosik,20,5,5,0,0,30,0,0,0,0,0,0,0,0,60
2025,December,2025-12-24,Agroforestry,Keluar,KHLTB,Mataindo,0,0,0,14,0,0,0,0,0,0,0,0,0,0,14
2025,December,2025-12-24,Agroforestry,Keluar,KHLTB,Mataindo,0,0,10,0,0,0,0,0,0,0,0,0,0,0,10
2025,December,2025-12-24,Agroforestry,Keluar,KHLTB,Mataindo,0,0,24,0,0,0,0,0,0,0,0,0,0,0,24
2025,December,2025-12-25,Agroforestry,Keluar,KHLTB,Torosik,0,0,8,0,0,30,0,5,0,0,0,0,0,0,43
2025,December,2025-12-25,Agroforestry,Keluar,KHLTB,Mataindo,30,0,1,0,0,0,0,0,0,0,0,0,0,0,31
2025,December,2025-12-26,Agroforestry,Keluar,KHLTB,Torosik,0,1,5,0,0,30,0,5,0,0,0,0,0,0,41
2025,December,2025-12-26,Agroforestry,Keluar,KHLTB,Mataindo,53,0,0,0,0,0,0,0,0,0,0,0,0,0,53
2025,December,2025-12-27,Agroforestry,Keluar,KHLTB,Torosik,30,0,13,0,0,30,12,0,0,0,0,0,0,0,85
2025,December,2025-12-27,Agroforestry,Keluar,KHLTB,Mataindo,0,0,25,0,0,0,0,0,0,0,0,0,0,0,25
2025,December,2025-12-27,Agroforestry,Keluar,KHLTB,Mataindo Utara,2,0,1,0,0,16,0,0,0,0,0,0,0,0,19
2025,December,2025-12-28,Agroforestry,Keluar,KHLTB,Mataindo,34,0,0,0,0,0,0,0,0,0,0,0,0,0,34
2025,December,2025-12-28,Agroforestry,Keluar,KHLTB,Mataindo Utara,0,0,0,0,0,25,0,0,0,0,0,0,0,0,25
2025,December,2025-12-28,Agroforestry,Keluar,KHLTB,Torosik,0,5,0,0,0,30,0,10,0,0,0,0,0,0,45
2025,December,2025-12-28,Agroforestry,Keluar,KHLTB,Torosik,0,10,10,0,0,30,0,10,0,0,0,0,0,0,60
2025,December,2025-12-29,Agroforestry,Keluar,KHLTB,Mataindo Utara,0,0,0,0,0,40,0,0,0,0,0,0,0,0,40
2025,December,2025-12-30,Agroforestry,Keluar,KHLTB,Mataindo,0,0,0,0,0,0,0,6,0,0,0,0,0,0,6
2025,December,2025-12-30,Agroforestry,Keluar,KHLTB,Mataindo,0,0,1,0,0,22,0,0,0,0,0,0,0,0,23
2025,December,2025-12-30,Agroforestry,Keluar,KHLTB,Mataindo,10,0,0,0,0,0,0,0,0,0,0,0,0,0,10
2025,December,2025-12-31,Agroforestry,Keluar,KHLTB,Torosik,0,0,10,0,0,30,0,5,0,0,0,0,0,0,45
2025,December,2025-12-31,Agroforestry,Keluar,KHLTB,Mataindo Utara,0,0,0,0,0,35,0,0,0,0,0,0,0,0,35
2025,December,2025-12-31,Agroforestry,Keluar,KHLTB,Mataindo Utara,0,0,0,0,0,40,0,5,0,0,0,0,0,0,45
2025,December,2025-12-31,Agroforestry,Keluar,KHLTB,Torosik,10,0,5,0,0,30,0,5,0,0,0,0,0,0,50
2026,January,2026-01-01,Agroforestry,Keluar,KHLTB,Mataindo Utara,0,0,4,0,0,70,0,0,0,0,0,0,0,0,74
2026,January,2026-01-02,Agroforestry,Keluar,KHLTB,Mataindo Utara,0,0,2,0,0,0,0,0,0,0,0,0,0,0,2
2026,January,2026-01-02,Agroforestry,Keluar,KHLTB,Mataindo Utara,0,0,20,0,0,0,0,0,0,0,0,0,0,0,20
2026,January,2026-01-02,Agroforestry,Keluar,KHLTB,Mataindo Utara,0,0,1,0,0,0,0,10,0,0,0,0,0,0,11
2026,January,2026-01-03,Agroforestry,Keluar,KHLTB,Mataindo Utara,0,2,2,0,0,0,0,1,0,0,0,0,0,0,5
2026,January,2026-01-03,Agroforestry,Keluar,KHLTB,Torosik,30,5,5,0,0,30,0,10,0,0,0,0,0,0,80
2026,January,2026-01-03,Agroforestry,Keluar,KHLTB,Torosik,30,5,5,0,0,30,0,10,0,0,0,0,0,0,80
2026,January,2026-01-04,Agroforestry,Keluar,KHLTB,Torosik,30,10,10,0,0,30,0,15,0,0,0,0,0,0,95
2026,January,2026-01-04,Agroforestry,Keluar,KHLTB,Torosik,30,15,10,0,0,30,0,15,0,0,0,0,0,0,100
2026,January,2026-01-04,Agroforestry,Keluar,KHLTB,Mataindo Utara,0,0,0,0,0,35,0,0,0,0,0,0,0,0,35
2026,January,2026-01-05,Agroforestry,Keluar,KHLTB,Mataindo Utara,0,0,0,0,0,30,0,5,0,0,0,0,0,0,35
2026,January,2026-01-06,Agroforestry,Keluar,KHLTB,Mataindo Utara,0,0,0,0,0,20,0,0,0,0,0,0,0,0,20
2026,January,2026-01-06,Agroforestry,Keluar,KHLTB,Mataindo Utara,0,0,0,0,0,4,0,10,0,0,0,0,0,0,14
2026,January,2026-01-07,Agroforestry,Keluar,KHLTB,Mataindo Utara,0,0,0,0,0,0,0,6,0,0,0,0,0,0,6
2026,January,2026-01-07,Agroforestry,Keluar,KHLTB,Mataindo Utara,0,0,0,0,0,10,0,0,0,0,0,0,0,0,10
2026,January,2026-01-07,Agroforestry,Keluar,KHLTB,Mataindo Utara,0,0,0,0,0,0,0,7,0,0,0,0,0,0,7
2026,January,2026-01-08,Agroforestry,Keluar,KHLTB,Mataindo Utara,0,0,13,0,0,15,0,0,0,0,0,0,0,0,28
2026,January,2026-01-08,Agroforestry,Keluar,KHLTB,Mataindo,23,0,0,0,0,0,0,0,0,0,0,0,0,0,23
2026,January,2026-01-08,Agroforestry,Keluar,KHLTB,Adow,0,2,0,0,0,30,0,2,0,0,0,0,0,0,34
2026,January,2026-01-09,Agroforestry,Keluar,KHLTB,Mataindo,0,0,21,0,0,0,0,0,0,0,0,0,0,0,21
2026,January,2026-01-09,Agroforestry,Keluar,KHLTB,Mataindo Utara,0,0,0,0,0,0,0,13,0,0,0,0,0,0,13
2026,January,2026-01-09,Agroforestry,Keluar,KHLTB,Torosik,0,10,10,0,0,30,0,10,0,0,0,0,0,0,60
2026,January,2026-01-09,Agroforestry,Keluar,KHLTB,Mataindo Utara,0,0,0,0,0,0,0,27,0,0,0,0,0,0,27
2026,January,2026-01-09,Agroforestry,Keluar,KHLTB,Adow,0,10,10,0,0,30,0,20,0,0,0,0,0,0,70
2026,January,2026-01-10,Agroforestry,Keluar,KHLTB,Torosik,0,3,2,0,0,30,0,0,0,0,0,0,0,0,35
2026,January,2026-01-10,Agroforestry,Keluar,KHLTB,Adow,0,8,0,0,0,30,0,9,0,0,0,0,0,0,47
2026,January,2026-01-10,Agroforestry,Keluar,KHLTB,Mataindo Utara,0,0,0,0,0,53,0,0,0,0,0,0,0,0,53
2026,January,2026-01-10,Agroforestry,Keluar,KHLTB,Mataindo,51,0,0,0,0,0,0,0,0,0,0,0,0,0,51
2026,January,2026-01-11,Agroforestry,Keluar,KHLTB,Torosik,0,5,0,0,0,30,0,10,0,0,0,0,0,0,45
2026,January,2026-01-11,Agroforestry,Keluar,KHLTB,Mataindo Utara,0,0,10,0,0,35,0,0,0,0,0,0,0,0,45
2026,January,2026-01-11,Agroforestry,Keluar,KHLTB,Mataindo,50,0,0,0,0,0,0,0,0,0,0,0,0,0,50
2026,January,2026-01-12,Agroforestry,Keluar,KHLTB,Mataindo Utara,0,0,0,0,0,68,0,0,0,0,0,0,0,0,68
2026,January,2026-01-12,Agroforestry,Keluar,KHLTB,Mataindo,0,0,24,0,0,0,0,0,0,0,0,0,0,0,24
2026,January,2026-01-13,Agroforestry,Keluar,KHLTB,Mataindo Utara,0,0,0,0,0,40,0,0,0,0,0,0,0,0,40
2026,January,2026-01-14,Agroforestry,Keluar,KHLTB,Mataindo,50,0,0,0,0,0,0,0,0,0,0,0,0,0,50
2026,January,2026-01-15,Agroforestry,Keluar,KHLTB,Mataindo,0,0,12,0,0,0,0,0,0,0,0,0,0,0,12
2026,January,2026-01-15,Agroforestry,Keluar,KHLTB,Mataindo Utara,0,0,10,0,0,0,0,0,0,0,0,0,0,0,10
2026,January,2026-01-15,Agroforestry,Keluar,KHLTB,Mataindo Utara,0,1,1,0,0,0,0,14,0,0,0,0,0,0,16
2026,January,2026-01-16,Agroforestry,Keluar,KHLTB,Mataindo,35,0,0,0,0,0,0,0,0,0,0,0,0,0,35
2026,January,2026-01-16,Agroforestry,Keluar,KHLTB,Mataindo Utara,0,0,1,0,0,10,0,0,0,0,0,0,0,0,11
2026,January,2026-01-16,Agroforestry,Keluar,KHLTB,Mataindo Utara,0,0,1,0,0,0,0,0,0,0,0,0,0,0,1
2026,January,2026-01-17,Agroforestry,Keluar,KHLTB,Mataindo Utara,0,0,0,0,0,12,0,0,0,0,0,0,0,0,12
2026,January,2026-01-18,Agroforestry,Keluar,KHLTB,Torosik,0,5,5,0,0,30,0,5,0,0,0,0,0,0,45
2026,January,2026-01-19,Agroforestry,Keluar,KHLTB,Adow,0,5,0,0,0,35,0,10,0,0,0,0,0,0,50
2026,January,2026-01-19,Agroforestry,Keluar,KHLTB,Mataindo Utara,0,0,5,0,0,10,0,0,0,0,0,0,0,0,15
2026,January,2026-01-19,Agroforestry,Keluar,KHLTB,Mataindo,50,0,0,0,0,0,0,0,0,0,0,0,0,0,50
2026,January,2026-01-20,Agroforestry,Keluar,KHLTB,Mataindo Utara,0,0,6,0,0,10,0,0,0,0,0,0,0,0,16
2026,January,2026-01-21,Agroforestry,Keluar,KHLTB,Mataindo Utara,0,5,0,0,0,5,0,15,0,0,0,0,0,0,25
2026,January,2026-01-22,Agroforestry,Keluar,KHLTB,Mataindo,50,0,0,0,0,0,0,0,0,0,0,0,0,0,50
2026,January,2026-01-22,Agroforestry,Keluar,KHLTB,Mataindo Utara,0,10,0,0,0,5,0,0,0,0,0,0,0,0,15
2026,January,2026-01-22,Agroforestry,Keluar,KHLTB,Torosik,0,5,0,0,0,30,0,5,0,0,0,0,0,0,40
2026,January,2026-01-24,Agroforestry,Keluar,KHLTB,Mataindo Utara,5,0,0,0,0,10,0,5,0,0,0,0,0,0,20
2026,January,2026-01-25,Agroforestry,Keluar,KHLTB,Adow,0,10,10,0,0,33,0,20,0,0,0,0,0,0,73
2026,January,2026-01-26,Agroforestry,Keluar,KHLTB,Mataindo Utara,0,0,6,0,0,0,0,0,0,0,0,0,0,0,6
2026,January,2026-01-26,Agroforestry,Keluar,KHLTB,Mataindo Utara,0,0,1,0,0,3,0,0,0,0,0,0,0,0,4
2026,January,2026-01-27,Agroforestry,Keluar,KHLTB,Mataindo Utara,0,0,0,0,0,10,0,0,0,0,0,0,0,0,10
2026,January,2026-01-27,Agroforestry,Keluar,KHLTB,Adow,0,5,5,0,0,30,0,5,0,0,0,0,0,0,45
2026,January,2026-01-29,Agroforestry,Keluar,KHLTB,Mataindo Utara,0,0,1,0,0,20,0,0,0,0,0,0,0,0,21
2026,January,2026-01-29,Agroforestry,Keluar,KHLTB,Adow,60,20,5,0,0,30,0,20,0,0,0,0,0,0,135
2026,January,2026-01-29,Agroforestry,Keluar,KHLTB,Mataindo,0,2,0,0,0,0,0,15,0,5,0,0,0,0,22
2026,January,2026-01-30,Agroforestry,Keluar,KHLTB,Mataindo Utara,0,0,3,0,0,12,0,0,0,0,0,0,0,0,15
2026,January,2026-01-30,Restorasi,Keluar,KEMP,Pusian Barat,49,0,22,0,0,0,0,24,0,0,0,0,0,0,95
2026,January,2026-01-31,Agroforestry,Keluar,KHLTB,Mataindo Utara,0,0,1,0,0,10,0,0,0,0,0,0,0,0,11
2026,January,2026-01-31,Agroforestry,Keluar,KHLTB,Mataindo Utara,0,0,1,0,0,9,0,0,0,0,0,0,0,0,10
2026,January,2026-01-31,Agroforestry,Keluar,KHLTB,Adow,0,5,0,0,0,30,0,19,0,0,0,0,0,0,54
2026,January,2026-01-31,Restorasi,Keluar,KEMP,Pusian Barat,8,0,4,0,0,0,0,0,0,0,0,0,0,0,12
2026,February,2026-02-01,Agroforestry,Keluar,KHLTB,Mataindo Utara,0,0,0,0,0,15,0,0,0,0,0,0,0,0,15
2026,February,2026-02-01,Agroforestry,Keluar,KHLTB,Mataindo Utara,0,0,0,0,0,0,0,12,0,0,0,0,0,0,12
2026,February,2026-02-01,Agroforestry,Keluar,KHLTB,Adow,0,0,5,0,0,30,0,5,0,0,0,0,0,0,40
2026,February,2026-02-01,Agroforestry,Keluar,KHLTB,Mataindo Utara,10,0,0,0,0,5,0,0,0,0,0,0,0,0,15
2026,February,2026-02-01,Restorasi,Keluar,KEMP,Pusian Barat,0,0,98,0,0,0,0,27,0,0,0,0,0,0,125
2026,February,2026-02-02,Agroforestry,Keluar,KHLTB,Mataindo Utara,0,0,0,0,0,7,0,0,0,0,0,0,0,0,7
2026,February,2026-02-02,Agroforestry,Keluar,KHLTB,Mataindo Utara,10,0,0,0,0,0,0,0,0,0,0,0,0,0,10
2026,February,2026-02-02,Restorasi,Keluar,KEMP,Pusian Barat,63,0,24,0,0,0,0,56,0,0,0,0,0,0,143
2026,February,2026-02-03,Agroforestry,Keluar,KHLTB,Mataindo Utara,0,0,0,0,0,10,0,0,0,0,0,0,0,0,10
2026,February,2026-02-04,Agroforestry,Keluar,KHLTB,Mataindo Utara,0,0,1,0,0,10,0,0,0,0,0,0,0,0,11
2026,February,2026-02-04,Agroforestry,Keluar,KHLTB,Mataindo Utara,0,0,0,0,0,16,0,0,0,0,0,0,0,0,16
2026,February,2026-02-04,Agroforestry,Keluar,KHLTB,Adow,0,5,3,0,0,15,0,20,0,0,0,0,0,0,43
2026,February,2026-02-05,Agroforestry,Keluar,KHLTB,Adow,0,5,0,0,0,30,0,5,0,0,0,0,0,0,40
2026,February,2026-02-05,Agroforestry,Keluar,KHLTB,Mataindo Utara,3,1,1,0,0,8,0,0,0,0,0,0,0,0,13
2026,February,2026-02-06,Agroforestry,Keluar,KHLTB,Deaga,0,5,5,0,0,30,0,20,0,0,0,0,0,0,60
2026,February,2026-02-06,Agroforestry,Keluar,KHLTB,Adow,0,0,25,0,0,40,0,20,0,0,0,0,0,0,85
2026,February,2026-02-09,Restorasi,Keluar,KEMP,Pusian Barat,0,0,3,0,0,0,0,47,0,0,0,0,0,0,50
2026,February,2026-02-10,Agroforestry,Keluar,KHLTB,Mataindo Utara,0,0,0,0,0,20,0,0,0,0,0,0,0,0,20
2026,February,2026-02-10,Agroforestry,Keluar,KHLTB,Torosik,0,10,0,0,0,30,0,10,0,0,0,0,0,0,50
2026,February,2026-02-12,Agroforestry,Keluar,KHLTB,Mataindo Utara,0,0,0,0,0,15,0,0,0,0,0,0,0,0,15
2026,February,2026-02-12,Agroforestry,Keluar,KHLTB,Mataindo Utara,0,0,0,0,0,9,0,0,0,0,0,0,0,0,9
2026,February,2026-02-12,Agroforestry,Keluar,KHLTB,Deaga,80,10,10,10,0,30,0,10,0,0,0,0,0,0,150
2026,February,2026-02-12,Restorasi,Keluar,KEMP,Pusian Barat,0,0,18,0,0,0,0,11,0,0,0,0,0,0,29
2026,February,2026-02-13,Agroforestry,Keluar,KHLTB,Mataindo Utara,0,0,0,0,0,20,0,0,0,0,0,0,0,0,20
2026,February,2026-02-13,Agroforestry,Keluar,KHLTB,Mataindo Utara,0,0,0,0,0,0,0,11,0,0,0,0,0,0,11
2026,February,2026-02-14,Agroforestry,Keluar,KHLTB,Mataindo Utara,0,0,0,0,0,10,0,6,0,0,0,0,0,0,16
2026,February,2026-02-14,Agroforestry,Keluar,KHLTB,Mataindo Utara,0,1,1,0,0,0,0,2,0,0,0,0,0,0,4
2026,February,2026-02-14,Restorasi,Keluar,KEMP,Pusian Barat,0,0,13,0,0,0,0,0,0,0,0,0,0,0,13
2026,February,2026-02-16,Agroforestry,Keluar,KHLTB,Mataindo Utara,0,0,0,0,0,15,0,0,0,0,0,0,0,0,15
2026,February,2026-02-16,Agroforestry,Keluar,KHLTB,Mataindo Utara,0,0,0,0,0,16,0,0,0,0,0,0,0,0,16
2026,February,2026-02-16,Restorasi,Keluar,KEMP,Pusian Barat,0,0,30,0,0,0,0,22,0,0,0,0,0,0,52
2026,February,2026-02-17,Agroforestry,Keluar,KHLTB,Deaga,0,15,5,0,0,30,0,0,0,0,0,0,0,0,50
2026,February,2026-02-17,Agroforestry,Keluar,KHLTB,Adow,60,10,10,0,0,0,0,20,0,0,0,0,0,0,100
2026,February,2026-02-17,Agroforestry,Keluar,KHLTB,Mataindo Utara,0,0,0,0,0,30,0,0,0,0,0,0,0,0,30
2026,February,2026-02-18,Agroforestry,Keluar,KHLTB,Torosik,40,5,5,0,0,0,0,0,0,0,0,0,0,0,50
2026,February,2026-02-18,Agroforestry,Keluar,KHLTB,Deaga,0,0,23,0,0,30,0,0,0,0,0,0,0,0,53
2026,February,2026-02-18,Agroforestry,Keluar,KHLTB,Mataindo Utara,25,0,0,0,0,19,0,0,0,0,0,0,0,0,44
2026,February,2026-02-18,Restorasi,Keluar,KEMP,Pusian Barat,0,0,24,0,0,0,0,24,0,0,0,0,0,0,48
2026,February,2026-02-18,Restorasi,Keluar,KEMP,Pusian Barat,0,0,33,0,0,0,0,36,0,0,0,0,0,0,69
2026,February,2026-02-19,Agroforestry,Keluar,KHLTB,Mataindo Utara,0,0,0,0,0,25,0,0,0,0,0,0,0,0,25
2026,February,2026-02-20,Agroforestry,Keluar,KHLTB,Tapa adam,2,1,1,0,0,20,0,0,0,0,0,0,0,0,24
2026,February,2026-02-20,Agroforestry,Keluar,KHLTB,Tapa adam,0,11,0,0,0,0,0,0,0,0,0,0,0,0,11
2026,February,2026-02-21,Agroforestry,Keluar,KHLTB,Mataindo Utara,0,0,0,0,0,9,0,0,0,0,0,0,0,0,9
2026,February,2026-02-21,Agroforestry,Keluar,KHLTB,Mataindo Utara,0,0,0,0,0,10,0,0,0,0,0,0,0,0,10
2026,February,2026-02-22,Agroforestry,Keluar,KHLTB,Tapa adam,230,0,0,0,0,0,0,0,0,0,0,0,0,0,230
2026,February,2026-02-23,Agroforestry,Keluar,KHLTB,Mataindo Utara,0,0,0,0,0,5,0,0,0,0,0,0,0,0,5
2026,February,2026-02-24,Agroforestry,Keluar,KHLTB,Mataindo Utara,70,0,0,0,0,0,0,0,0,0,0,0,0,0,70
2026,February,2026-02-24,Agroforestry,Keluar,KHLTB,Mataindo Utara,0,0,1,0,0,15,0,0,0,0,0,0,0,0,16
2026,February,2026-02-25,Agroforestry,Keluar,KHLTB,Mataindo Utara,0,0,0,0,0,52,0,0,0,0,0,0,0,0,52
2026,February,2026-02-25,Agroforestry,Keluar,KHLTB,Adow,0,0,5,0,0,30,0,5,0,0,0,0,0,0,40
2026,February,2026-02-26,Agroforestry,Keluar,KHLTB,Mataindo Utara,0,0,1,0,0,15,0,0,0,0,0,0,0,0,16
2026,February,2026-02-27,Agroforestry,Keluar,KHLTB,Mataindo Utara,0,0,1,0,0,0,0,15,0,0,0,0,0,0,16
2026,February,2026-02-28,Agroforestry,Keluar,KHLTB,Adow,0,5,5,0,0,30,0,6,0,0,0,0,0,0,46
2026,February,2026-02-28,Agroforestry,Keluar,KHLTB,Mataindo Utara,36,0,0,0,0,0,0,0,0,0,0,0,0,0,36
2026,March,2026-03-01,Agroforestry,Keluar,KHLTB,Adow,0,5,5,0,0,30,0,5,0,0,0,0,0,0,45
2026,March,2026-03-01,Agroforestry,Keluar,KHLTB,Mataindo Utara,0,0,1,0,0,0,0,8,0,0,0,0,0,0,9
2026,March,2026-03-01,Agroforestry,Keluar,KHLTB,Mataindo Utara,0,0,1,0,0,11,0,0,0,0,0,0,0,0,12
2026,March,2026-03-02,Agroforestry,Keluar,KHLTB,Mataindo Utara,0,0,1,0,0,0,0,13,0,0,0,0,0,0,14
2026,March,2026-03-03,Restorasi,Keluar,KEMP,Pusian Barat,0,0,20,0,0,0,0,0,0,0,0,0,0,0,20
2026,March,2026-03-03,Agroforestry,Keluar,KHLTB,Mataindo,0,0,1,0,0,0,0,19,0,0,0,0,0,0,20
2026,March,2026-03-04,Restorasi,Keluar,KEMP,Pusian Barat,0,0,5,0,0,0,0,47,0,0,0,0,0,0,52
2026,March,2026-03-04,Agroforestry,Keluar,KHLTB,Mataindo Utara,5,0,0,0,0,10,0,0,0,0,0,0,0,0,15
2026,March,2026-03-05,Restorasi,Keluar,KEMP,Pusian Barat,0,0,26,0,0,0,0,36,0,0,0,0,0,0,62
2026,March,2026-03-05,Agroforestry,Keluar,KHLTB,Mataindo Utara,0,0,0,0,0,0,0,10,0,0,0,0,0,0,10
2026,March,2026-03-06,Agroforestry,Keluar,KHLTB,Mataindo Utara,10,0,0,0,0,12,0,0,0,0,0,0,0,0,22
2026,March,2026-03-07,Agroforestry,Keluar,KHLTB,Mataindo Utara,0,0,0,0,0,20,0,0,0,0,0,0,0,0,20
2026,March,2026-03-08,Agroforestry,Keluar,KHLTB,Mataindo Utara,0,0,0,0,0,15,0,0,0,0,0,0,0,0,15
2026,March,2026-03-08,Agroforestry,Keluar,KHLTB,Mataindo Utara,0,10,0,0,0,0,0,0,0,0,0,0,0,0,10
2026,March,2026-03-09,Agroforestry,Keluar,KHLTB,Mataindo,0,0,3,0,0,0,0,0,0,0,0,0,0,0,3
2026,March,2026-03-09,Agroforestry,Keluar,KHLTB,Mataindo Utara,0,0,0,0,0,6,0,0,0,0,0,0,0,0,6
2026,March,2026-03-09,Agroforestry,Keluar,KHLTB,Adow,0,0,5,0,0,30,0,5,0,0,0,0,0,0,40
2026,March,2026-03-10,Agroforestry,Keluar,KHLTB,Mataindo Utara,0,0,2,0,0,0,0,0,0,0,0,0,0,0,2
2026,March,2026-03-10,Agroforestry,Keluar,KHLTB,Mataindo Utara,10,0,0,0,0,0,0,0,0,0,0,0,0,0,10
2026,March,2026-03-11,Agroforestry,Keluar,KHLTB,Mataindo Utara,0,0,5,0,0,0,0,0,0,0,0,0,0,0,5
2026,March,2026-03-12,Agroforestry,Keluar,KHLTB,Mataindo Utara,0,0,0,0,0,12,0,0,0,0,0,0,0,0,12
2026,March,2026-03-13,Agroforestry,Keluar,KHLTB,Mataindo Utara,0,0,0,0,0,0,0,10,0,0,0,0,0,0,10
2026,March,2026-03-14,Agroforestry,Keluar,KHLTB,Mataindo Utara,0,0,0,0,0,7,0,0,0,0,0,0,0,0,7
2026,March,2026-03-15,Agroforestry,Keluar,KHLTB,Mataindo Utara,0,0,1,0,0,5,0,0,0,0,0,0,0,0,6
2026,March,2026-03-15,Agroforestry,Keluar,KHLTB,Mataindo Utara,8,0,0,0,0,0,0,0,0,0,0,0,0,0,8
2026,March,2026-03-16,Agroforestry,Keluar,KHLTB,Mataindo Utara,6,0,1,0,0,0,0,0,0,0,0,0,0,0,7
2026,March,2026-03-16,Agroforestry,Keluar,KHLTB,Mataindo Utara,0,0,0,0,0,10,0,0,0,0,0,0,0,0,10
2026,March,2026-03-19,Agroforestry,Keluar,KHLTB,Mataindo Utara,10,0,1,0,0,0,0,0,0,0,0,0,0,0,11
2026,March,2026-03-22,Agroforestry,Keluar,KHLTB,Mataindo Utara,0,0,5,0,0,0,0,0,0,0,0,0,0,0,5
2026,March,2026-03-24,Agroforestry,Keluar,KHLTB,Mataindo Utara,0,0,1,0,0,11,0,0,0,0,0,0,0,0,12
2026,March,2026-03-25,Agroforestry,Keluar,KHLTB,Mataindo Utara,0,0,0,0,0,12,0,0,0,0,0,0,0,0,12
2026,March,2026-03-25,Agroforestry,Keluar,KHLTB,Mataindo Utara,0,0,0,0,0,15,0,0,0,0,0,0,0,0,15
2026,March,2026-03-26,Agroforestry,Keluar,KHLTB,Mataindo Utara,8,0,1,0,0,4,0,0,0,0,0,0,0,0,13
2026,March,2026-03-27,Agroforestry,Keluar,KHLTB,Mataindo Utara,0,0,0,0,0,17,0,0,0,0,0,0,0,0,17
2026,March,2026-03-27,Agroforestry,Keluar,KHLTB,Mataindo Utara,0,0,0,0,0,15,0,0,0,0,0,0,0,0,15
2026,March,2026-03-30,Restorasi,Keluar,KEMP,Pusian Barat,0,0,65,0,0,0,0,153,0,0,0,0,0,0,218
2026,March,2026-03-30,Restorasi,Keluar,KEMP,Pusian Barat,0,0,53,0,0,0,0,21,0,0,0,0,0,0,74
2026,March,2026-03-30,Restorasi,Keluar,KEMP,Pusian Barat,0,0,34,0,0,0,0,13,0,0,0,0,0,0,47
2026,March,2026-03-31,Restorasi,Keluar,KEMP,Pusian Barat,0,0,41,0,0,0,0,27,0,0,0,0,0,0,68
2026,April,2026-04-10,Agroforestry,Keluar,KHLTB,Adow,0,0,5,0,0,30,0,5,0,0,0,0,0,0,40
2026,April,2026-04-14,Agroforestry,Keluar,KHLTB,Torosik,45,5,5,0,0,0,0,0,0,0,0,0,0,0,55
2026,April,2026-04-14,Agroforestry,Keluar,KHLTB,Torosik,50,5,5,0,0,30,0,0,0,0,0,0,0,0,90
2026,April,2026-04-14,Agroforestry,Keluar,KHLTB,Torosik,50,5,5,0,0,30,0,0,0,0,0,0,0,0,90
2026,April,2026-04-15,Agroforestry,Keluar,KHLTB,Mataindo Utara,0,0,3,0,0,15,0,0,0,0,0,0,0,0,18
2026,April,2026-04-15,Agroforestry,Keluar,KHLTB,Torosik,60,5,5,0,0,10,0,0,0,0,0,0,0,0,80
2026,April,2026-04-16,Agroforestry,Keluar,KHLTB,Mataindo,12,0,0,0,0,0,0,0,0,0,0,0,0,0,12
2026,April,2026-04-16,Agroforestry,Keluar,KHLTB,Torosik,40,5,5,0,0,0,0,0,0,0,0,0,0,0,50
2026,April,2026-04-20,Agroforestry,Keluar,KHLTB,Mataindo,33,38,30,30,44,0,0,30,0,0,0,0,0,0,205
2026,April,2026-04-21,Agroforestry,Keluar,KHLTB,Mataindo,61,64,70,0,0,0,0,5,0,0,0,0,0,0,200
2026,April,2026-04-22,Agroforestry,Keluar,KHLTB,Mataindo,66,79,15,0,20,0,0,20,0,0,0,0,0,0,200
2026,April,2026-04-22,Agroforestry,Keluar,KHLTB,Mataindo,0,11,2,0,0,0,0,8,0,0,0,0,0,0,21
2026,April,2026-04-22,Agroforestry,Keluar,KHLTB,Mataindo Utara,0,0,0,0,0,42,0,0,0,0,0,0,0,0,42
2026,April,2026-04-22,Agroforestry,Keluar,KHLTB,Mataindo,0,175,25,75,0,0,0,0,0,0,0,0,0,0,275
2026,April,2026-04-22,Agroforestry,Keluar,KHLTB,Mataindo,0,0,0,25,0,0,0,0,0,0,0,0,0,0,25
2026,April,2026-04-23,Agroforestry,Keluar,KHLTB,Mataindo Utara,0,0,0,0,0,0,0,10,0,0,0,0,0,0,10
2026,April,2026-04-23,Agroforestry,Keluar,KHLTB,Mataindo,65,116,0,0,0,0,0,19,0,0,0,0,0,0,200
2026,April,2026-04-23,Agroforestry,Keluar,KHLTB,Mataindo,0,50,75,75,0,0,0,0,0,0,0,0,0,0,200
2026,April,2026-04-23,Restorasi,Keluar,KEMP,Pusian Barat,31,0,0,0,0,0,0,0,0,0,0,0,0,0,31
2026,April,2026-04-23,Restorasi,Keluar,KEMP,Pusian Barat,1,0,0,1,0,0,0,0,0,0,0,0,0,0,2
2026,April,2026-04-24,Agroforestry,Keluar,KHLTB,Mataindo,0,25,50,75,0,0,0,0,0,0,0,0,0,0,150
2026,April,2026-04-24,Agroforestry,Keluar,KHLTB,Mataindo Utara,0,0,14,0,0,0,0,0,0,0,0,0,0,0,14
2026,April,2026-04-25,Agroforestry,Keluar,KHLTB,Mataindo Utara,0,53,10,0,0,0,0,0,0,0,0,0,0,0,63
2026,April,2026-04-25,Agroforestry,Keluar,KHLTB,Mataindo,61,75,0,0,33,0,0,31,0,0,0,0,0,0,200
2026,April,2026-04-25,Agroforestry,Keluar,KHLTB,Mataindo,25,0,0,25,125,0,0,25,0,0,0,0,0,0,200
2026,April,2026-04-26,Agroforestry,Keluar,KHLTB,Mataindo Utara,0,0,0,0,0,15,0,0,0,0,0,0,0,0,15
2026,April,2026-04-26,Agroforestry,Keluar,KHLTB,Mataindo Utara,0,0,4,0,0,0,0,0,0,0,0,0,0,0,4
2026,April,2026-04-26,Agroforestry,Keluar,KHLTB,Mataindo,136,215,11,20,18,0,0,0,0,0,0,0,0,0,400
2026,April,2026-04-26,Agroforestry,Keluar,KHLTB,Mataindo,125,0,0,0,25,0,0,0,0,0,0,0,0,0,150
2026,April,2026-04-26,Restorasi,Keluar,KEMP,Pusian Barat,68,0,0,10,0,0,0,0,0,0,0,0,0,0,78
2026,April,2026-04-27,Agroforestry,Keluar,KHLTB,Mataindo Utara,0,0,0,0,0,10,0,0,0,0,0,0,0,0,10
2026,April,2026-04-27,Agroforestry,Keluar,KHLTB,Mataindo Utara,9,0,1,0,0,10,0,0,0,0,0,0,0,0,20
2026,April,2026-04-27,Restorasi,Keluar,KEMP,Pusian Barat,20,0,0,10,0,0,0,19,0,0,0,0,0,0,49
2026,April,2026-04-27,Restorasi,Keluar,KEMP,Pusian Barat,100,0,0,0,0,0,0,0,0,0,0,0,0,0,100
2026,April,2026-04-27,Restorasi,Keluar,KEMP,Pusian Barat,0,0,0,43,0,0,0,0,0,0,0,0,0,0,43
2026,April,2026-04-27,Restorasi,Keluar,KEMP,Pusian Barat,0,0,20,0,0,0,0,0,0,0,0,0,0,0,20
2026,April,2026-04-28,Agroforestry,Keluar,KHLTB,Mataindo Utara,0,0,0,0,0,8,0,0,0,0,0,0,0,0,8
2026,April,2026-04-29,Agroforestry,Keluar,KHLTB,Mataindo,129,25,20,0,0,0,0,26,0,0,0,0,0,0,200
2026,April,2026-04-29,Agroforestry,Keluar,KHLTB,Mataindo,0,0,1,0,0,0,0,0,0,0,0,0,0,0,1
2026,April,2026-04-29,Agroforestry,Keluar,KHLTB,Mataindo Utara,0,0,9,0,0,6,0,0,0,0,0,0,0,0,15
2026,April,2026-04-30,Agroforestry,Keluar,KHLTB,Mataindo Utara,20,0,0,0,0,0,0,0,0,0,0,0,0,0,20
2026,April,2026-04-30,Agroforestry,Keluar,KHLTB,Mataindo,95,65,5,0,0,0,0,35,0,0,0,0,0,0,200
2026,May,2026-05-04,Restorasi,Keluar,KEMP,Pusian Barat,0,0,10,5,0,0,0,0,0,0,0,0,0,0,15
2026,May,2026-05-04,Restorasi,Keluar,KEMP,Pusian Barat,103,0,0,0,0,0,0,0,0,0,0,0,0,0,103
2026,May,2026-05-05,Restorasi,Keluar,KEMP,Pusian Barat,0,0,15,0,0,0,0,0,0,0,0,0,0,0,15
2026,May,2026-05-05,Restorasi,Keluar,KEMP,Pusian Barat,30,0,0,0,0,0,0,0,0,0,0,0,0,0,30
2026,May,2026-05-05,Restorasi,Keluar,KEMP,Pusian Barat,65,0,0,0,0,0,0,0,0,0,0,0,0,0,65
2026,May,2026-05-05,Restorasi,Keluar,KEMP,Pusian Barat,27,0,0,0,0,0,0,0,0,0,0,0,0,0,27
2026,May,2026-05-05,Restorasi,Keluar,KEMP,Pusian Barat,182,0,3,5,0,0,0,10,0,0,0,0,0,0,200
2026,May,2026-05-06,Restorasi,Keluar,KEMP,Pusian Barat,36,0,4,0,0,0,0,22,0,0,0,0,0,0,62
2026,May,2026-05-06,Restorasi,Keluar,KEMP,Pusian Barat,25,0,0,0,0,0,0,0,0,0,0,0,0,0,25
2026,May,2026-05-08,Restorasi,Keluar,KEMP,Pusian Barat,12,0,10,0,0,0,0,0,0,0,0,0,0,0,22
2026,May,2026-05-08,Restorasi,Keluar,KEMP,Pusian Barat,14,0,10,0,0,0,0,0,0,0,0,0,0,0,24
2026,May,2026-05-17,Restorasi,Keluar,KEMP,Pusian Barat,0,0,6,0,0,0,0,0,0,0,0,0,0,0,6
2026,May,2026-05-17,Restorasi,Keluar,KEMP,Pusian Barat,0,0,14,7,0,0,0,0,0,0,0,0,0,0,21
2026,May,2026-05-17,Restorasi,Keluar,KEMP,Pusian Barat,0,0,7,0,0,0,0,7,0,0,0,0,0,0,14
2026,May,2026-05-17,Restorasi,Keluar,KEMP,Pusian Barat,0,0,9,0,0,0,0,5,0,0,0,0,0,0,14
2026,May,2026-05-11,Agroforestry,Keluar,KHLTB,Adow,0,0,0,0,0,0,0,150,0,0,0,0,0,0,150
2026,May,2026-05-29,Agroforestry,Keluar,KHLTB,Mataindo Utara,0,5,0,0,0,0,0,0,0,0,0,0,0,0,5
2026,May,2026-05-29,Agroforestry,Keluar,KHLTB,Mataindo Utara,13,0,0,0,0,0,0,0,0,0,0,0,0,0,13
2026,May,2026-05-30,Agroforestry,Keluar,KHLTB,Mataindo,22,0,0,0,0,0,0,0,0,0,0,0,0,0,22
2026,May,2026-05-30,Agroforestry,Keluar,KHLTB,Adow,0,5,5,0,0,40,0,5,0,0,0,0,0,0,55
2026,May,2026-05-31,Agroforestry,Keluar,KHLTB,Mataindo Utara,0,0,1,0,0,25,0,0,0,0,0,0,0,0,26
2025,December,2025-12-15,Agroforestry,Keluar,KHLTB,Mataindo,0,0,0,0,0,66,0,0,0,0,0,0,0,0,66
2025,December,2025-12-31,Agroforestry,Keluar,KHLTB,Adow,40,10,10,0,0,30,0,10,0,0,0,0,0,0,100
2026,May,2026-05-03,Agroforestry,Keluar,KHLTB,Mataindo,80,0,0,0,0,0,0,20,0,0,0,0,0,0,100
2026,May,2026-05-04,Agroforestry,Keluar,KHLTB,Mataindo,0,325,10,0,0,0,0,30,0,0,0,0,0,0,365
2026,May,2026-05-07,Agroforestry,Keluar,KHLTB,Adow,0,0,5,0,0,30,0,5,0,0,0,0,0,0,40
